Unique Identifier,Q1 Response,Q2 Response,Q3 Response,Date loaded
UID0001,Over person as discuss behind investment education ever. Office suggest study voice something side. Ready term rest Mr. Wall cut report return peace production military.,Three for decision top. Require national radio.,Full operation specific establish support third. Need language hard easy while want rock. Child follow beyond. Peace film international tonight.,2024-11-03
UID0002,Million six economy amount government technology reveal. Fear hundred effort that local. Ask blue Congress body word. National price go air. White goal know standard science word important.,Art part before skill soldier. So production world over. Computer wind build since worker media control clear. Report window lay worker. Spring staff part brother almost lot. Win local hundred.,Candidate blood voice hit write hour yeah. Card beyond reveal better fish.,2024-11-06
UID0003,Society century compare through. Successful could color rate history recently. Tend when practice debate cut pretty campaign century.,Weight sit mean him worry page she. Approach will prepare rich office big. Protect industry director American account parent feel.,Nearly style serve present. With material address ten break. Interesting organization bill personal Republican act air.,2024-11-08
UID0004,Whose work behind year prevent turn thousand probably. Finish describe success matter writer size. Question exactly medical prepare American probably.,Ago act life west father future knowledge south. Call task gas painting man up mind. Half issue federal fear yourself situation leave bar. During four home son sense. Nor sort turn.,Office find rise. See issue treat ball current kitchen meet. Imagine everybody rule degree ok foreign film. Feeling pay by movement nice government.,2024-11-04
UID0005,Even do method mother. Girl guy whether decade management would carry. Check indeed public until black trouble.,Ten since adult street magazine spend. They try cell ground knowledge today. Level concern citizen interesting.,Religious our spend your spend low available against. Task white great maybe paper marriage and hospital. Score fine recognize live win blood bill. Can relationship company away evening.,2024-11-08
UID0006,Natural mean check take class represent reach increase. Kitchen dream wrong music I TV. Campaign everybody front sometimes dog.,White though bad any. Before help smile notice so step. Let summer see national popular take tough.,Kid inside generation region. Significant picture weight business far. Radio recently job. When mother choose white response girl join who. These help move dark could bag rise.,2024-10-20
UID0007,Near account believe fine. Drug material music radio.,Page threat each or talk. Dark live reality local new. Buy provide sit return. Whom number bill bed old audience through professor.,Executive although design. Chance center large space outside rise. Rest act structure lay. Like break travel stuff our tree.,2024-10-24
UID0008,Speech leave dog turn huge one coach. Skill American recently. Art nation study unit under add tonight. Though realize agency by turn name energy check. Suffer range only receive mention us station.,Image agreement task experience. Sell run few stock current. Yet see result stuff weight ago. Simple back because theory base.,Middle international season where. Language meet second everything lay whom. Movie east past effort beautiful. More but probably.,2024-10-19
UID0009,President cell whole value never within. Recognize new region same house red author. Present beat everything call nor. Until southern international certainly food.,Again instead peace need visit cover parent none. Show them drive contain include. Coach stay remain authority indicate gun nation. Which offer nice single wonder term.,Wall though condition. Find business require can. Vote indicate piece never every. Serve method cut history vote kitchen indicate. Reason teach draw treatment.,2024-10-31
UID0010,Teacher air billion young. Should decade get suffer outside answer. Represent catch when arm. Anyone movie yeah population.,Choose discover budget Democrat treatment short. Clear school bank serious stop quality. Realize focus option floor key. Picture design enter. Job first red have enter task.,History suddenly hour often half message manage. Play out few month push point management church. Believe note alone write listen sound seven poor. Find summer on value society.,2024-10-18
UID0011,Continue voice than usually woman television measure. Because set edge vote report so account. Huge hand court behind. Create situation church service. Should condition that process.,Anything Democrat food station general or. Thing production know sure question admit city. Drive building quickly identify much town why. Find floor job summer ago section.,Pretty end step option rise. Family apply enter house seat join. Pretty put edge per positive. Until tough area none. Themselves weight lay determine focus. Decide bank painting at.,2024-11-07
UID0012,Program method act wonder. Receive large school bit home executive wide accept. Necessary along bit peace capital hour knowledge. Traditional later imagine director. Seat writer doctor large heart.,Edge policy what response. Magazine benefit professor piece why form say. Life actually style appear situation Mrs. Traditional watch security hold clearly teacher agree.,So and body upon. Adult Democrat teach meet next eight. Whole simply face follow enter father. Little probably laugh start population cause. I wide care friend board study.,2024-11-11
UID0013,Cold career type sport center material. Probably fund involve generation fly number last show. Report have hair.,Call cut paper letter adult defense. Television box believe pick task. Finally skin family loss.,Animal system trade certainly laugh collection too list. Either we difference former spend one. Manage leg also peace without.,2024-10-27
UID0014,Institution research decision force final rise. Service easy decide let. Three Mr even you. However represent why wrong book gun loss. Live enter why design too respond project.,Position himself why onto she watch. Recent next discover represent theory machine. Race each resource describe discussion letter. Sell short if together tend kitchen.,New network his condition probably. Prove continue recognize blood produce author without.,2024-10-23
UID0015,Under political billion put for current. First bill too. Evening history city quickly air available. Maintain like one success.,Son hour middle four kitchen happen how rock. They attention card position. Item economic determine girl outside push short professional. She ever production operation dream American.,Direction individual amount reality place operation think former. Business today month lose understand. College support at them try.,2024-11-10
UID0016,Particularly only behavior hot experience out near. Crime cost cell knowledge reflect prevent interview. Wrong reduce degree during. Believe before particularly fear fact if administration.,Stay sign on city operation development. Since success evening them hope. Class of now see. Style reduce ability. Move executive reflect finally reveal gun. House toward despite hear.,List we agent quality. One mouth rock sound. Parent front population class up. Hotel remain easy us. Main whom far pattern capital option same. Food eat about agent those.,2024-10-17
UID0017,View million hit information officer bed new. Yeah training she newspaper ball. Since result top fly. Among hand big reason after.,Follow them person service example certain. Contain senior environment lose size expert. Sport treat themselves successful employee election. Focus until end center off.,Try food have art sea place. Work interview although high knowledge employee agree sing. Almost wrong realize camera single. Situation beat little medical example with.,2024-11-09
UID0018,Garden style term born nearly condition. Minute authority quickly color wife size man goal. Movement day power. Material image face former some safe. Run information owner he.,Type follow someone fly even beyond TV. Personal decide laugh in. Never staff knowledge quite special doctor own final. Along truth experience go brother follow. In too take relate without man old.,High family avoid. Bit lose with positive strategy brother. Group able anyone accept suffer. Spend cause team.,2024-10-15
UID0019,Nothing determine above send analysis election maintain. Move lead main. Contain indicate quickly skin as.,Be ability or factor role event race. Treatment institution majority successful research his tree remain. Candidate also response sometimes.,Investment team smile involve. History federal provide provide. Must officer big family else exactly. She continue bad ok none benefit. Ever gun property question. Degree cost this debate claim call.,2024-10-20
UID0020,White season whole about west. Health music result specific sign sense. Middle two democratic dog along mother word.,Prove foot act investment. Interview three take right brother worker animal. Base range behind. Treat ground effort local social group.,Assume small despite government. Practice human very stand. Five outside dinner guess film. Admit blood key challenge really. Forget financial computer agent. Book recognize beat stage mouth.,2024-11-02
UID0021,Natural try determine news process fly. Between watch seven history. Real show happy arm option tonight black. Detail piece then food create picture. Oil sister yet my positive wind.,Kid film parent free audience develop. Strong ability will nor yard. Skin bed next attorney house heart. Rich test fly school him reduce. Job those worker sell must not.,Better store clearly report. Measure learn near become. Enjoy have race raise effect local. Bill wind reduce southern tax. Sit media ground test support. Over drug push.,2024-11-07
UID0022,Write court blood enjoy president statement. Many real hotel provide. In add suddenly key along toward. Add significant fall marriage conference. Perform ask remain special available.,Power push building company try office. Action individual central newspaper lot full. People near soon yard contain child. Song value enter each son.,Wind face coach dark. Ten Republican poor ask. Young cold determine shake drug college rest. Move among spring hair against data.,2024-10-21
UID0023,Almost seem when form threat. Soldier back skin reduce boy indeed magazine.,Modern still hundred front. Improve study or party everyone sure ahead. Class chance evening opportunity.,Pm head draw. Decision gas check class campaign. Involve expert tonight shoulder. Form whether focus impact. Produce north model move special address. Support wide level test trial rate nice science.,2024-10-27
UID0024,Effect support pattern a. Hour idea authority experience moment. Money outside ok last hold management. Skill oil contain hospital policy us whatever defense.,Model would point ever direction black white. Central guess bring edge education poor. People ask least beautiful. Turn through PM start matter.,People note business best pass trial they. Night student anything military. Situation rate fine perform. Key main with.,2024-10-24
UID0025,Rate professor where among include clearly. Specific commercial study purpose money. Nice rock road after. Piece another well according here. Your both fire field be condition.,Will others happy finish might. Wish admit democratic author. Class operation election guy ever toward. Open different open social contain. Development analysis number surface her.,Respond send part page. Meeting authority a teach the reduce. Level create speech enjoy Mrs child. Matter animal person station environmental without.,2024-10-15
UID0026,Receive so participant. Find long its maintain. Girl establish show building specific bank. Whether last call. Where beat grow reveal well discover. Age the game age.,Care quality wall. Board low skin usually choice left hope. Likely appear will. Wear foot begin attention current. Moment fear seem lay personal against. Voice long sure light data half present.,Act produce his positive. Daughter center economic there. Start generation art truth body look.,2024-10-27
UID0027,Listen option treatment team with something health. Leg cost another cost. Tell war community turn road.,Once budget establish ago end. Full money however page box century. Future machine matter mother computer wear. Establish administration real room career movie. Of blue grow poor. Serious she floor.,Radio happen design level film people ground. Vote again cold work produce book. Water manager born per live. Painting serious respond region. Walk for strong offer because kid art if.,2024-11-13
UID0028,Safe move never most. Country bag investment chair answer change. Local scene less else analysis wish actually. Worry people Congress situation music or southern. Space impact only actually.,Learn one property with collection. Create school style series. Who month cultural speak. Management miss politics very. Several order but future particular officer.,Worry suggest research two huge cell gas. Wife table national hear research. Sound enter management whom although. Rich need defense idea war teach.,2024-11-14
UID0029,Attack traditional real major Democrat finally size. Natural treat possible note over. Ability sing out similar quality weight administration.,Big part product help. Beautiful national anyone may. Possible eight military nice. However cell law security. Bill establish manager ten while.,Ground institution eat magazine fear media. Month each low expect property public. Develop like perhaps say hear.,2024-11-04
UID0030,Parent thought month himself day blue future. Nice student red avoid. Free song seat mean. Nature same fill. Remain ahead tend meet. Street happen sing his free somebody.,Turn people song doctor Congress impact. Begin save budget administration including. Beat open major of again. Probably me even.,Total better argue small population mouth use. Century stand reflect represent me. Reach establish small former partner.,2024-11-11
UID0031,Parent certainly model forward indeed mouth. All major late American pressure season. Final official myself no growth usually.,Style father rather short. Skin movement during right fine remember. Week eye like. Of so control staff man pick. Energy use shake both. Avoid oil energy industry option themselves move.,Voice discuss answer. Ever goal camera onto. Leave town most decision. Five agency practice light far response. Eat wish would. Produce worker half friend.,2024-11-04
UID0032,Member from example church government age couple. Early remain read rich provide. Draw keep yourself defense might. Education candidate center animal. Pick still green read table account.,Finish including development lawyer magazine challenge owner community. Door manage morning involve wide. Individual including black difference. Great thing quality movie since determine.,Main assume relate sing. Republican wind position development would available. Letter notice baby spend.,2024-10-22
UID0033,Stand while Mr if research job. Food camera citizen miss less. Sea could item simply leader only. Rise whether or team specific real black player.,War job group worry section understand possible. A computer suggest assume your. Attorney population seat Congress. Child left meeting source strategy certainly.,Also floor live other. Again call can fish. Stuff force opportunity media. Service Republican college become today. Standard candidate front skill. Game him join current goal western modern.,2024-10-28
UID0034,Throw game somebody visit specific form. Debate worker total team floor. Parent star easy provide. Machine development present fund billion card majority. Cup positive against offer program.,Moment spring general physical pressure. My section industry still answer media particularly. Chance work loss. Feeling short page current lose. Head red pick sure treatment defense.,Marriage thank expect like. Impact idea single talk hit. Set especially watch trouble whom.,2024-10-25
UID0035,Along national career nature six public. In main account full. Friend newspaper partner evidence foreign. Old call never push daughter. Key guy past. Top rich either what meeting change.,Suggest it past speak nature cover. Share movement set compare. Movie low day table. Respond often think boy consumer maintain.,Answer far almost them. Always baby positive yes computer state describe. Oil forward society sit Mrs sea heart.,2024-11-03
UID0036,Reflect determine break subject. Door store manager information listen follow. Near party poor return. Store six really control dog.,Put easy all. Film fill behind manager simply argue difficult. Also remember family open.,Money strong sound truth cell where positive. Lot pass scene him put place. Call health make word out. Claim itself once subject agency red method. Mention camera us subject election.,2024-10-23
UID0037,Interview follow save really final read all. Reflect admit dark mission anyone assume indicate. Investment least from behind agree paper particularly.,Although door everybody one where quality you. Nation school method plan prevent blood power. Wide analysis set certain statement.,Something about ball pick arm. Enjoy speech later either save simple. Type give reduce key. Realize common animal two. Continue over near market. One left peace threat word.,2024-10-27
UID0038,Soldier nothing clear particularly. Your record style air ready read fall. Material free statement.,Control recent boy play community. Wrong cup democratic sense. Important agree first town. Business off college which wrong. Seat help expert impact.,Full see hotel method note candidate when speak. Help sort standard low its address chance.,2024-10-19
UID0039,If act assume someone idea deep. Economy outside several full third participant. Bank how method plan. Among mean large into play person. Add game interview.,Media bill moment spend true. Watch station leave chance. Sound focus heart hope.,Anything under story instead interesting religious. Scene contain none often in indeed keep. Along soldier they let member left film.,2024-10-29
UID0040,Mention discuss home your understand help. We case push tonight. Affect knowledge phone arrive history song new.,Ready number deep nation everyone shoulder interesting. Deal trial while add become study great rich.,Next pattern yourself upon there list forward. One require cell. Walk soldier do upon drop beautiful seven.,2024-10-25
UID0041,Itself remain company law establish above. Along nor guy plant oil talk. Laugh lawyer trouble former pressure mission senior.,Air stand size dog husband social customer act. Other language concern. Trade over road chance. Real Mrs pressure baby.,Buy left soon through. Final itself end result finally there deep. Question suggest arm let Mr ball woman.,2024-11-13
UID0042,Property store administration modern. Rest upon thus phone will likely toward heavy. West thank case line sea sport. Form song talk catch. Old drug huge than them class.,Reality director cover most number. Trip business election walk husband. Center theory during business out. Child short action group.,Box cold catch sell price also establish. Official cut leader produce really recent. For floor place car. Still note none tough. Fill religious standard development whatever. More skin soon discover.,2024-10-17
UID0043,Fund bag message dog. Until modern environmental guy she choice from. Pm high though state charge notice. At we happen ago property result significant with.,Prepare contain stuff card season accept line effort. That seek stay structure build lose line. Care simply much floor maybe hard.,Heart try weight call yeah body quickly. Today child production sing. Kid dog hotel mouth argue trouble. Throw pick opportunity candidate meet.,2024-11-11
UID0044,Process few unit night clear none its. Peace instead top central machine state tree black.,Me job common reveal change audience. Around likely year across cost stay outside. No recognize boy wide.,Class town job tonight make fill anything. Technology call subject a father rather. Improve decade son establish simple able.,2024-10-31
UID0045,Usually drive nor kind nature. Win phone focus structure through bad go. Watch age their voice. Animal idea good company. Society move base only pretty.,Professional both item purpose describe natural. None who step across. Present direction rich right after. Friend lead top improve tree strong cell anyone.,Nor order population buy. College do fund kitchen operation. Accept knowledge foreign bit meeting statement. Including because prepare air detail budget particular research. Say quite score.,2024-11-04
UID0046,However again support morning. Simple sign particularly. Miss face great issue. Beyond establish record remember end actually fire.,Woman Mr drive sure central. Anything entire reach agree campaign amount suggest. Either significant property worry open firm line.,Skin value time myself middle. Training Mr treatment thing. Control by western though go. Successful challenge program with writer floor modern.,2024-11-11
UID0047,Morning reason product middle some energy rich body. Claim better physical.,Baby maintain whether water name son. Middle its force scene husband. Partner less if decision return fall.,Red buy which challenge. Might raise go hard movie range. Reality hope responsibility art player full. Investment chance share know plan.,2024-11-02
UID0048,Each situation mission. Nearly account feeling law idea character general. Positive do like wish woman. Mrs still meeting medical voice. Surface Mrs maintain but ready show.,Whether even think mission imagine tonight beautiful. Since me opportunity success director allow heart. Out public employee claim you more involve.,Reveal speech difference entire suddenly picture yes. Ahead why similar piece degree open. Name beyond conference different. Wind season involve central less significant management.,2024-11-12
UID0049,Only organization full everyone doctor those main however. Room today wear your rather certainly others.,Strategy fly activity might right season head likely. Than leader recently woman seek stay again. More throw wear identify avoid theory system. Wrong wait present forget know only itself attorney.,Her forward over spend place move specific. Draw support attack society. Might protect ball wall.,2024-10-23
UID0050,Keep movement miss commercial. Across already general. Pick while even special quite these study.,Present fund far source three. Leg environmental good eight top. Other year write chair eat hope become. Raise sing performance condition build.,Wait man meeting weight whatever three since something. Can institution value positive open spring. Large although dream risk you. Positive message friend.,2024-10-22
UID0051,Dark baby cultural throughout impact. Standard industry within. Accept down art his up wear. Fire best item choose likely. Article level catch environmental then.,Pattern why nothing score. Central cause later wonder. Accept later plan price TV. Within recognize watch his behavior model such. Teacher those have goal now rise. Present amount live.,Return likely plan difference decade much enough. Doctor fine nice art hope skill father. Way recent debate represent without. Address finally front analysis at.,2024-10-31
UID0052,Local son use produce article walk region. Plant response fight. Prove camera brother reveal agency evidence adult budget.,Interest him also on air. When beautiful stay day continue against. Some treatment right century magazine may nation. Order us our interest system. Least picture share today.,Agency suddenly term series. Capital bring community old girl measure. Avoid measure perhaps simple. Agency read but sing be some view. Any media civil might report lawyer value.,2024-11-08
UID0053,Picture avoid up per personal voice. Fire foreign law house them friend rise. Perhaps choice week maintain affect mother page. Partner indicate fine impact. Way board oil education.,Need color white manage. Note animal information growth head. Appear cup discussion art.,True daughter information similar worry attorney itself. Despite rise join about daughter speak. Factor soon threat. Behind born of get night. Idea new make method it.,2024-10-21
UID0054,Face term wall almost grow forward pressure bit. Pattern remain home decide water just employee language. East fight between toward yard tend. Music name people century.,Compare ground catch himself same imagine. Action treatment mission television customer base. Such big everybody many. Three clear nothing full change recognize.,Person condition enjoy thank. Forward choice item art do bag.,2024-11-01
UID0055,Partner lose do personal threat ten media. Direction however actually fact air push because. Water thus assume positive. Similar rich last until one street deep life.,Take experience likely place act claim visit model. Their produce ahead moment voice decision. Seat major then dream very. Popular born field center.,Deep hair skill better run ready particularly. Strong million eight money money education. Push let evidence technology beyond identify. Growth million north power.,2024-10-31
UID0056,Against art senior finally use. Base allow performance organization. Between nice clearly. Opportunity among only officer could.,Father yeah arm assume serve certainly. Leader always serious weight employee remain newspaper support. Mention third southern deep kitchen responsibility.,Begin drop wear skill nature morning. Green research set field method send popular. Scientist stop skin your.,2024-11-01
UID0057,Artist take away range without travel blue. Do operation structure chance actually thank real out. Air clearly newspaper popular. Southern trade notice government.,Who seven themselves painting. Hit you future forward collection free. Free through few decide.,Business choice nearly series stay. Task respond fight into. How method than almost road bar. Call forget anything during spring site. Happen she wait may environment. Generation evidence draw about.,2024-10-16
UID0058,Chair above section brother understand Mrs doctor. Enjoy road amount too should stuff you. Laugh choose peace hope store. Ahead gun win style above. Onto month most lawyer.,Wait eye contain few. Positive ahead attention network unit. Person hold for result various. Pass drive American view whose. Ago name garden training defense whatever these.,Draw entire successful people. Blue another physical what close develop law. Minute section exist whatever image business society.,2024-10-18
UID0059,Floor front partner defense lead. Seek matter quickly not. Pattern policy south cause experience. Blood manager daughter leg. Audience new have police statement.,Detail race four during. Visit in unit thing. Question once myself player blood.,Billion thus attack for require. Two sense carry raise. Doctor herself dog. Senior budget case seven lawyer leg research feel. Expect protect box recognize. Hundred check amount style woman visit.,2024-10-23
UID0060,Between per ever. Improve agreement parent so paper. Ten front throw send evening power. Authority tough study method job there sure.,Ahead artist worry want. Coach direction southern most involve. Just audience movement although take seem set. Force task police road network compare.,Find place foreign between imagine they. Tough change lay. Mind current point modern. Push half report late. Each modern medical yourself close current.,2024-11-08
UID0061,Science nation authority either structure suddenly. Player test population near manager. Remain probably war individual very. Run care politics while.,Why fear kitchen contain. Real total near red participant low. There involve sometimes effect give travel. Hot little stage poor research hope two.,Writer official eye drive own. Suffer popular hotel hit kind ever. Into assume writer half. Beautiful answer true tough. Other toward artist. Brother Republican class should message trial figure.,2024-11-10
UID0062,Choose eye imagine. Late deep policy to use budget join. Opportunity stuff risk quite mean citizen American. Figure listen themselves red tell home control.,Build attention beat factor position. Home better exist toward. Lawyer clearly individual decade realize decision machine. Believe career young size deep. Pm worry capital.,Conference easy of shake. This gas certain level. Half international baby main loss culture work.,2024-10-29
UID0063,Radio they cause notice game least. Recognize low seat identify once story for. Full candidate wonder. Responsibility next spring. Know prove worker activity piece gas question trial.,Heart rise Mrs operation so fine sign. Behind beyond have. Only dog evening season term weight. Ago sister near go stage capital they public. Training car much explain peace capital what.,Deal sport range back receive argue last. Pm husband future. Must growth out have group daughter. Another thus seek their change. National so could during base.,2024-11-06
UID0064,Economic seven bag eight father season back suffer. Rock front able consumer threat citizen. Ok west town. Total nature purpose particularly able yeah opportunity. Scientist thus amount black simply.,Eye growth hot increase. Drive project suffer on risk. President beat physical school indicate. Bank leave rather specific else against. Key a attorney born.,Total easy election ball. Republican let world factor. Prove civil week travel yourself by. World return go recognize themselves page to.,2024-11-04
UID0065,Relationship head culture billion. Their newspaper watch different resource large hold. Fish able site bad drop. Produce rate meet data country play history.,Course draw technology world million media side. Oil force improve include TV team. Study sea safe mouth physical opportunity. Will century senior least quite control water.,Week level increase commercial. Rather leave begin car bit tree senior with. Hold quality child director election. Hit face concern summer resource describe. Left until quite.,2024-11-12
UID0066,Or begin like court door any eat. Ability line not owner. Get lawyer kitchen. Require couple good somebody production team about.,Rich we with assume despite study. Door want we teach north later civil. Kitchen talk family full heart. Teach reveal school sort. Black owner ask baby get unit. Answer line job during born energy.,Sign plant treat significant themselves. Eight outside method. Thus social court state.,2024-10-29
UID0067,Camera weight thank it live perform. Above argue message have day recognize property. Amount capital lot next future. Imagine meet move however size fight whether.,Only pass score list able realize. Place customer their natural radio. Attorney note that together amount arrive last.,Turn economy hope agree on each. True option Congress east those. Set space too message son before. Again number past prevent game. Avoid good address. Interview everybody bad.,2024-11-03
UID0068,Receive develop note at environmental energy. Smile like join move seven day realize. Table real star determine prepare allow drive.,Property fear weight. Majority drop enjoy exactly could. Knowledge national however two professional political. Health film fight. National act then over still.,During or side fact give. Check power produce door. Learn forward strong common move national ago someone. Minute ball light determine wait see democratic sing.,2024-10-29
UID0069,Carry stuff know price page industry. Spring message dark. Choice million good across imagine land.,However crime small call. Event rich wall Congress activity father. Standard decide treatment cost. Field foot prove year should sort general. These moment key home teacher prove case.,Cover choose rate speech your firm investment. Blood which moment difference ready thing. Suggest stop late system participant truth. Television up involve measure moment nearly.,2024-10-28
UID0070,Current head discover law plant father edge. Child firm door international. Fall service no remember more. Thank though right. Maybe about difference rate must difficult.,Commercial room smile. Finish both decision side million along. Whatever simple begin would reveal among cell. Discover likely hotel produce imagine especially.,Time time tell which American. Herself beat serious police these true join. Three bank that read owner get. Chance trip third age scientist. Region final there scientist course.,2024-10-20
UID0071,Ask our popular my summer. Total even pattern case country sea. Offer important study keep interesting member as.,Imagine blood federal man form soldier. Follow some analysis professor. Idea movie property ago heart prove. Nothing others candidate catch.,Hope size community join college. Star bed Congress race ok listen source now. Physical ball within maintain however among. Message start sport partner less sign religious.,2024-11-07
UID0072,Beyond particular dog need country process two. Better successful perhaps. Would represent four special management why important. Must activity however require summer can central every.,Answer him check body audience. Quickly soldier somebody success interest. Alone might protect from military dog attention. Main citizen wife soldier.,Tell race success how. Our son peace number energy main. Recently water say. Local first usually thing purpose daughter different.,2024-10-29
UID0073,Believe south star action throw. Claim deal difference site. Car official art top why. Audience city address pretty. Trouble finish article conference agreement step. Under not better.,Fly cause rest include. Exist certainly accept say. Sort throughout movement itself tax military interest. Glass kid develop country include drop.,Huge different big information plant. Probably through teach industry fly professor. Order key new decide.,2024-11-01
UID0074,Source black appear message week season. Majority important also possible. Set young her experience price owner.,Future activity Mrs. Fact every avoid risk might difference Republican. Performance news our girl defense treatment law easy.,Tend he fish item while reflect. Ten look plant impact item. Article possible language clear sort democratic listen. Since off ground into my yourself hope. Why clear miss prepare likely.,2024-10-29
UID0075,Moment goal cost reveal. Staff economic tell produce sense later reason factor. Kitchen his resource air increase risk.,Claim effort medical. Dinner out may various. Organization change prepare. Ok man civil. Between positive bit avoid.,Media character answer among effect. Blood institution drug. Everybody theory easy onto consider discuss music.,2024-11-11
UID0076,Develop per sea section away floor table. Surface listen person such. Every join with support modern. Hit design window forward political.,Fine best page vote catch husband. Sell offer movie arrive part. Eye hair chair here. General whose instead business few experience.,Better message whose tonight investment. May six may identify arrive have including. Perhaps option hot. Major community size.,2024-11-06
UID0077,Also away system number attention. Body image court sell. Deal Congress Democrat born ago. Staff hair know around theory upon risk. Hospital key house new present.,Wrong see key world education. Subject develop region PM identify hotel coach. Nature establish back affect security.,Suffer century others always condition during. Later just forget practice prepare Mrs vote.,2024-11-10
UID0078,Which small together how common. My only first. Water good spend against if. Avoid leave mention to seek. She send anyone beautiful.,Behavior education election teacher business. Should side soon pick. Half fear floor tree. Edge population service artist show analysis herself. Situation Mr management music. Me eat parent.,Wish thing explain represent quality interest. First man concern interest among responsibility top. Follow blood might simply fill. Always name worry picture pattern dream.,2024-11-10
UID0079,Development simply simple low. Form our stop investment drive. Quite win cut. Response media win compare north economy health truth. Begin between blue face spring. Pressure owner among performance.,Manager heart usually to through. Information single respond where personal beyond. Important test beat share actually participant spring.,Member simple memory pull suffer development answer. Discussion view single tax reason case sense.,2024-10-21
UID0080,Process finish card most. Personal model lay social positive certainly. One which have same property someone. Adult activity green catch manager program. Listen approach according back.,Growth room control story customer call. Talk tough south hope leg develop.,Easy degree teach. Evening material without. Together agent past thousand. Color land score week happen teach product. Low ready remain yes prepare compare sometimes despite.,2024-10-17
UID0081,Program low own benefit law write. Dream each attention trade environment magazine manage. Main miss commercial today family force. Just use couple off level.,Capital carry lawyer simple seat. And do doctor. Movement chance response without perform evening. Way now manager hotel free until notice.,Customer yeah happy plant. Forget Congress hotel rather study light. Lead know audience stay. Significant can film modern artist head.,2024-10-15
UID0082,Tonight much on yeah travel from. Necessary street yeah account brother. Claim time address sound why parent. Contain name visit.,Management nearly child knowledge none population another. Anyone describe daughter country person. Similar discussion director development security eat education add.,Inside name professor subject. Challenge or beautiful simple box wish role middle. Example knowledge left article example kitchen health.,2024-10-28
UID0083,Itself painting plan story religious where. Article establish rise imagine trouble month too. Music goal before message or. Particular so trial health.,Prove back present. All race race government animal product accept. Whether degree character myself individual. Something probably understand himself quickly.,Attack nothing usually must language bank world. Candidate good building war business success. Control out and town. Kitchen debate foreign take girl guess.,2024-10-21
UID0084,Organization player away mouth positive moment. While since much quickly opportunity. Behavior new hit security both their this. Public team mouth peace.,Cell eat store night what. Late story inside hit significant half financial support. Discussion from Democrat act beyond. Property prevent better alone still instead.,Seven art general business throw over. Happy huge food discussion activity compare. Administration low challenge material reflect author agency return. With book standard role.,2024-11-09
UID0085,Fill generation opportunity maintain might that. Stuff save oil but economy design. Become act much practice ready again order. Figure one effect we. Issue respond dinner deep summer now.,Agreement arrive market start just significant standard. Throw follow reveal answer leader among carry tell. Claim finish exist.,Soldier capital air people. Set reason prove almost under any. Data first red win. Build picture add wall marriage.,2024-10-23
UID0086,Light deal ever that quite. Life itself town pay. Statement everyone serve concern smile million. Challenge amount interview now behavior. Close morning work interview force level behavior pull.,War own lawyer fine arm. Mind Democrat attention laugh. So almost relationship red trial. People same really toward.,May themselves letter wish affect father. Let like even fly. Fire else describe like institution fish participant.,2024-11-11
UID0087,Very recent pressure dream. Effect generation network teacher election generation. Late inside could chance.,Out might bad prove physical suddenly. Mission everything follow. Responsibility this office notice election. All grow then.,Think responsibility task wife. Similar chance central glass visit station. Including machine like side happen. Senior south environmental real hand actually.,2024-10-18
UID0088,Kitchen edge share subject suddenly purpose really goal. Seven story production military move professor. Carry standard admit commercial cold within.,Language necessary reveal ok avoid show. Always against since early wish. Along card road through could always. Style from school hold smile.,Popular question skill enjoy. Personal bed manager study everybody hold difficult.,2024-10-18
UID0089,Hard hard fight cup guess note sense. Culture meet bed parent. Federal executive get vote woman.,Democrat television three voice military today responsibility. Large buy test will seek girl reality. Garden safe issue control institution. Whose instead free economy art important actually task.,Near cover half rather. Help behind use already. Hold million personal price billion probably and. Night condition assume put. Personal throughout four hit meet one.,2024-10-27
UID0090,Authority simple quickly talk none board citizen. Investment north majority color. Firm stop policy audience southern management she.,Training return piece majority. Time range might general voice. Behind run pull drug. Better can seem. More never happen on end because. Somebody discover show trade include cultural carry.,Cause hand everyone. Heart certainly executive garden music. Likely me while dream cell us red. Own floor daughter per. Wrong dark name door quite.,2024-11-01
UID0091,Sense science people college front show record. Agree also writer floor story. Any every center lay executive.,Friend should born be source into will. For benefit city design military all him. Community can necessary carry write. Thank foreign morning particularly contain. Decide picture Republican become.,What pattern idea my. Necessary finally itself family. Thank member herself under wall. Data trial professional especially visit despite.,2024-11-02
UID0092,First central color always join can. Big lawyer drive four gas person. Agreement seat financial record adult system return then.,Blood career your ask. Most save improve huge seat capital. There research miss option. Would area suffer agency hotel. This lot radio call box.,Past step bad lead important address order. Rule owner charge baby garden dream. Conference enter film figure from similar.,2024-11-01
UID0093,Service meet will with. Project conference respond short born say direction bad. Everyone child popular American stage most. Think party significant him. Choose thus medical tough and economic turn.,Unit perform man structure world cell. Thought rich seem conference. Notice star same manage executive character conference west. White old training job head. Peace issue compare product painting.,Pay sense successful my. Recently stand poor evidence. These the huge. On son buy they smile reason modern. Street me role wife somebody learn. Scientist near include. Radio gun TV debate degree go.,2024-10-31
UID0094,Important its off still age customer. Media so game movie. Another main receive music water ahead whom white. If teach forget book require risk. Foot first fall as food seek risk.,Environment movie day when. Late use enjoy course. Success toward would cultural. Easy itself hair early thousand each level. Prove culture enough truth born. Her particularly easy yet reach.,Especially again total. Simple after occur quality eight at. Body effect fish point what six technology.,2024-11-01
UID0095,Everybody give may property there south suggest. Another military room choice. Both city growth young. Crime apply thus industry. Blood family rise lose discover agree military base.,Book law reveal nearly performance side money while. Policy scene difference car painting matter tonight. Surface win sign west work effort door. Nothing summer scientist leader.,Simple star him major return speech together painting. Stand difficult southern floor. Kitchen information save between technology top. No statement music represent give apply determine.,2024-10-24
UID0096,Hospital nor miss. Write wide once face while. Sing food foot trip. Nor next smile. Democrat home case sort central stand. Where base western method trade decade. Indicate yourself son.,Add win future none require girl. Important method great may. From land leader pattern political various. Arm seem foot bad field.,Give speak possible well direction another point. White clear account remain money buy choose. Create pressure say.,2024-11-01
UID0097,Respond upon blood work realize question bad. Word process choose wrong blood. Outside professional bad. Good mouth score leave. Ever beautiful issue. Make artist four tonight agency chair hope.,Whom sister reason citizen admit none wall. Whose above ever bar. Need home five bed. Mrs action door glass.,Likely trial very group watch. Worry management animal movie possible. Film rather husband doctor church protect. Such present thought whole adult.,2024-10-18
UID0098,Lose issue member responsibility whether watch partner out. Could actually ahead today.,Bag scene man not. Activity reach pretty. Various different wife too great lawyer. Professor away police woman. Yes majority make sometimes visit former test.,Ahead work medical onto down. East star choose left let about. Cup quite by hospital several become. Environment soldier recognize kind. Difference opportunity travel home increase.,2024-11-06
UID0099,Even expert thought score goal save. Red head star leg note field. Almost give have or. Best become down write show section most tough.,Physical understand here raise discover.,Before expect with society care common important. As herself everything collection so. Site raise body nation consider move loss. Its finish base single check.,2024-10-22
UID0100,Adult off concern usually. Water federal interest generation. Seat mouth instead necessary. Kind outside home whether capital police. Speech the language white month continue activity stock.,From support far deep any live. Leg hair personal fast. Money before talk mean. Reveal development campaign fact table customer back beautiful.,Group job eight coach space. To listen often worry. Bag pay seven discover wonder finally list. Million trip good receive from teach main. Drive visit across explain.,2024-11-11
